comment_text,original_line,field_count,clean_text,sentiment,confidence,topic,emotions,anger,disgust,fear,joy,neutral,sadness,surprise,anger_linguistic,disgust_linguistic,fear_linguistic,joy_linguistic,neutral_linguistic,sadness_linguistic,surprise_linguistic,anger_sentence_count,disgust_sentence_count,fear_sentence_count,joy_sentence_count,neutral_sentence_count,sadness_sentence_count,surprise_sentence_count,dominant_emotion
@jonathonterrell2329,8,7,jonathonterrell,neutral,0.8383613228797913,3,"{'anger': 0.004909712355583906, 'disgust': 0.0015265861293300986, 'fear': 0.0029176140669733286, 'joy': 0.04779974743723869, 'neutral': 0.8099133372306824, 'sadness': 0.0542115718126297, 'surprise': 0.07872139662504196}",0.004909712355583906,0.0015265861293300986,0.0029176140669733286,0.04779974743723869,0.8099133372306824,0.0542115718126297,0.07872139662504196,0.0,0.0,0.0,0.0,0.0,0.0,0,0,0,0,0,0,0,0,neutral
@starvictory7079,24,7,starvictory,neutral,0.7434476017951965,9,"{'anger': 0.005330383777618408, 'disgust': 0.0011363569647073746, 'fear': 0.0031091731507331133, 'joy': 0.35353001952171326, 'neutral': 0.480080783367157, 'sadness': 0.026722583919763565, 'surprise': 0.13009069859981537}",0.005330383777618408,0.0011363569647073746,0.0031091731507331133,0.35353001952171326,0.480080783367157,0.026722583919763565,0.13009069859981537,0.0,0.0,0.0,0.0,0.0,0.0,0,0,0,0,0,0,0,0,neutral
@UncleWarpy,25,7,unclewarpy,neutral,0.6854387521743774,4,"{'anger': 0.003937623463571072, 'disgust': 0.0026300835888832808, 'fear': 0.0015557658625766635, 'joy': 0.03795311227440834, 'neutral': 0.8094081282615662, 'sadness': 0.05953196808695793, 'surprise': 0.08498331904411316}",0.003937623463571072,0.0026300835888832808,0.0015557658625766635,0.03795311227440834,0.8094081282615662,0.05953196808695793,0.08498331904411316,0.0,0.0,0.0,0.0,0.0,0.0,0,0,0,0,0,0,0,0,neutral
@linguaphile42,31,7,linguaphile,neutral,0.7696951627731323,2,"{'anger': 0.02348940446972847, 'disgust': 0.09805966168642044, 'fear': 0.0156510341912508, 'joy': 0.015766071155667305, 'neutral': 0.7584151029586792, 'sadness': 0.0377221405506134, 'surprise': 0.05089655518531799}",0.02348940446972847,0.09805966168642044,0.0156510341912508,0.015766071155667305,0.7584151029586792,0.0377221405506134,0.05089655518531799,0.0,0.0,0.0,0.0,0.0,0.0,0,0,0,0,0,0,0,0,neutral
@AZsunflower,51,7,azsunflower,neutral,0.7336920499801636,1,"{'anger': 0.0035462884698063135, 'disgust': 0.001252423389814794, 'fear': 0.001475054188631475, 'joy': 0.04500240460038185, 'neutral': 0.7918263077735901, 'sadness': 0.04791351407766342, 'surprise': 0.10898392647504807, 'sadness_linguistic': 1.0, 'sadness_sentence_count': 1}",0.0035462884698063135,0.001252423389814794,0.001475054188631475,0.04500240460038185,0.7918263077735901,0.04791351407766342,0.10898392647504807,0.0,0.0,0.0,0.0,0.0,1.0,0,0,0,0,0,0,1,0,neutral
@FollowTheJohn,53,7,followthejohn,neutral,0.8282370567321777,3,"{'anger': 0.012206929735839367, 'disgust': 0.0008287454256787896, 'fear': 0.00284456554800272, 'joy': 0.037472836673259735, 'neutral': 0.8437654972076416, 'sadness': 0.02185029722750187, 'surprise': 0.08103112876415253, 'sadness_linguistic': 1.0, 'sadness_sentence_count': 1}",0.012206929735839367,0.0008287454256787896,0.00284456554800272,0.037472836673259735,0.8437654972076416,0.02185029722750187,0.08103112876415253,0.0,0.0,0.0,0.0,0.0,1.0,0,0,0,0,0,0,1,0,neutral
@jonathonterrell2329,61,7,jonathonterrell,neutral,0.8383613228797913,0,"{'anger': 0.004909712355583906, 'disgust': 0.0015265861293300986, 'fear': 0.0029176140669733286, 'joy': 0.04779974743723869, 'neutral': 0.8099133372306824, 'sadness': 0.0542115718126297, 'surprise': 0.07872139662504196}",0.004909712355583906,0.0015265861293300986,0.0029176140669733286,0.04779974743723869,0.8099133372306824,0.0542115718126297,0.07872139662504196,0.0,0.0,0.0,0.0,0.0,0.0,0,0,0,0,0,0,0,0,neutral
"politicians rarely referred to god like American politicians do all the time. It’s like one of those little flag pins they all started wearing after 9/11. Box ticking.,,NNco4dayC1M",64,2,politicians rarely referred god like american politicians time like one little flag pins started wearing box tickingnncodaycm,negative,0.6920312643051147,4,"{'anger': 0.03250783309340477, 'disgust': 0.004422592464834452, 'fear': 0.021472206339240074, 'joy': 0.006333524826914072, 'neutral': 0.47093790769577026, 'sadness': 0.01147064846009016, 'surprise': 0.45285534858703613}",0.03250783309340477,0.004422592464834452,0.021472206339240074,0.006333524826914072,0.47093790769577026,0.01147064846009016,0.45285534858703613,0.0,0.0,0.0,0.0,0.0,0.0,0,0,0,0,0,0,0,0,neutral
@linguaphile42,71,7,linguaphile,neutral,0.7696951627731323,3,"{'anger': 0.02348940446972847, 'disgust': 0.09805966168642044, 'fear': 0.0156510341912508, 'joy': 0.015766071155667305, 'neutral': 0.7584151029586792, 'sadness': 0.0377221405506134, 'surprise': 0.05089655518531799}",0.02348940446972847,0.09805966168642044,0.0156510341912508,0.015766071155667305,0.7584151029586792,0.0377221405506134,0.05089655518531799,0.0,0.0,0.0,0.0,0.0,0.0,0,0,0,0,0,0,0,0,neutral
@andrea_fryer,72,7,andrea_fryer,neutral,0.8328331112861633,5,"{'anger': 0.17525050044059753, 'disgust': 0.0063602859154343605, 'fear': 0.004440008662641048, 'joy': 0.09924942255020142, 'neutral': 0.56180340051651, 'sadness': 0.039442893117666245, 'surprise': 0.11345358192920685}",0.17525050044059753,0.0063602859154343605,0.004440008662641048,0.09924942255020142,0.56180340051651,0.039442893117666245,0.11345358192920685,0.0,0.0,0.0,0.0,0.0,0.0,0,0,0,0,0,0,0,0,neutral
@RaymondHng,73,7,raymondhng,neutral,0.8276700973510742,1,"{'anger': 0.008301024325191975, 'disgust': 0.005597791634500027, 'fear': 0.0031644401606172323, 'joy': 0.03913211449980736, 'neutral': 0.7670760154724121, 'sadness': 0.06855735927820206, 'surprise': 0.10817130655050278}",0.008301024325191975,0.005597791634500027,0.0031644401606172323,0.03913211449980736,0.7670760154724121,0.06855735927820206,0.10817130655050278,0.0,0.0,0.0,0.0,0.0,0.0,0,0,0,0,0,0,0,0,neutral
@JackSkellington-h2w,75,7,jackskellingtonhw,neutral,0.8688031435012817,1,"{'anger': 0.006457929965108633, 'disgust': 0.0022200564853847027, 'fear': 0.0031476905569434166, 'joy': 0.0855121985077858, 'neutral': 0.6745001673698425, 'sadness': 0.08525742590427399, 'surprise': 0.14290444552898407}",0.006457929965108633,0.0022200564853847027,0.0031476905569434166,0.0855121985077858,0.6745001673698425,0.08525742590427399,0.14290444552898407,0.0,0.0,0.0,0.0,0.0,0.0,0,0,0,0,0,0,0,0,neutral
@mrpearson1230,76,7,mrpearson,neutral,0.8683764934539795,5,,0.0,0.0,0.0,0.0,0.0,0.0,0.0,0.0,0.0,0.0,0.0,0.0,0.0,0,0,0,0,0,0,0,0,anger
@TheAxeaman,80,7,theaxeaman,neutral,0.7308893203735352,7,"{'anger': 0.013434775173664093, 'disgust': 0.0009439787827432156, 'fear': 0.01296735554933548, 'joy': 0.09486407786607742, 'neutral': 0.7237116098403931, 'sadness': 0.05202968418598175, 'surprise': 0.10204844921827316}",0.013434775173664093,0.0009439787827432156,0.01296735554933548,0.09486407786607742,0.7237116098403931,0.05202968418598175,0.10204844921827316,0.0,0.0,0.0,0.0,0.0,0.0,0,0,0,0,0,0,0,0,neutral
@LetsWinThisThing,84,7,letswinthisthing,positive,0.6506068110466003,2,"{'anger': 0.008707095868885517, 'disgust': 0.0032285999041050673, 'fear': 0.004616685211658478, 'joy': 0.06320562213659286, 'neutral': 0.7363067865371704, 'sadness': 0.03178057819604874, 'surprise': 0.15215466916561127}",0.008707095868885517,0.0032285999041050673,0.004616685211658478,0.06320562213659286,0.7363067865371704,0.03178057819604874,0.15215466916561127,0.0,0.0,0.0,0.0,0.0,0.0,0,0,0,0,0,0,0,0,neutral
@OhLookItsJonBoy,85,7,ohlookitsjonboy,neutral,0.7098721265792847,1,"{'anger': 0.0027312401216477156, 'disgust': 0.0013198028318583965, 'fear': 0.0017365653766319156, 'joy': 0.046225205063819885, 'neutral': 0.7760574817657471, 'sadness': 0.04063570499420166, 'surprise': 0.13129399716854095}",0.0027312401216477156,0.0013198028318583965,0.0017365653766319156,0.046225205063819885,0.7760574817657471,0.04063570499420166,0.13129399716854095,0.0,0.0,0.0,0.0,0.0,0.0,0,0,0,0,0,0,0,0,neutral
@JackSkellington-h2w,95,7,jackskellingtonhw,neutral,0.8688031435012817,4,"{'anger': 0.006457929965108633, 'disgust': 0.0022200564853847027, 'fear': 0.0031476905569434166, 'joy': 0.0855121985077858, 'neutral': 0.6745001673698425, 'sadness': 0.08525742590427399, 'surprise': 0.14290444552898407}",0.006457929965108633,0.0022200564853847027,0.0031476905569434166,0.0855121985077858,0.6745001673698425,0.08525742590427399,0.14290444552898407,0.0,0.0,0.0,0.0,0.0,0.0,0,0,0,0,0,0,0,0,neutral
@RaymondHng,96,7,raymondhng,neutral,0.8276700973510742,6,"{'anger': 0.008301024325191975, 'disgust': 0.005597791634500027, 'fear': 0.0031644401606172323, 'joy': 0.03913211449980736, 'neutral': 0.7670760154724121, 'sadness': 0.06855735927820206, 'surprise': 0.10817130655050278}",0.008301024325191975,0.005597791634500027,0.0031644401606172323,0.03913211449980736,0.7670760154724121,0.06855735927820206,0.10817130655050278,0.0,0.0,0.0,0.0,0.0,0.0,0,0,0,0,0,0,0,0,neutral
@BradThePitts,105,7,bradthepitts,neutral,0.8067699670791626,4,"{'anger': 0.005938658490777016, 'disgust': 0.0027385216671973467, 'fear': 0.002283359644934535, 'joy': 0.03728892281651497, 'neutral': 0.8275631666183472, 'sadness': 0.05355240777134895, 'surprise': 0.07063502073287964}",0.005938658490777016,0.0027385216671973467,0.002283359644934535,0.03728892281651497,0.8275631666183472,0.05355240777134895,0.07063502073287964,0.0,0.0,0.0,0.0,0.0,0.0,0,0,0,0,0,0,0,0,neutral
@AZsunflower,109,7,azsunflower,neutral,0.7336920499801636,0,"{'anger': 0.0035462884698063135, 'disgust': 0.001252423389814794, 'fear': 0.001475054188631475, 'joy': 0.04500240460038185, 'neutral': 0.7918263077735901, 'sadness': 0.04791351407766342, 'surprise': 0.10898392647504807, 'sadness_linguistic': 1.0, 'sadness_sentence_count': 1}",0.0035462884698063135,0.001252423389814794,0.001475054188631475,0.04500240460038185,0.7918263077735901,0.04791351407766342,0.10898392647504807,0.0,0.0,0.0,0.0,0.0,1.0,0,0,0,0,0,0,1,0,neutral
@TheLordOfNothing,114,7,thelordofnothing,neutral,0.6406561136245728,0,"{'anger': 0.0774802565574646, 'disgust': 0.009820295497775078, 'fear': 0.005322090350091457, 'joy': 0.035365503281354904, 'neutral': 0.6662307977676392, 'sadness': 0.11276654154062271, 'surprise': 0.09301454573869705}",0.0774802565574646,0.009820295497775078,0.005322090350091457,0.035365503281354904,0.6662307977676392,0.11276654154062271,0.09301454573869705,0.0,0.0,0.0,0.0,0.0,0.0,0,0,0,0,0,0,0,0,neutral
@linguaphile42,118,7,linguaphile,neutral,0.7696951627731323,0,"{'anger': 0.02348940446972847, 'disgust': 0.09805966168642044, 'fear': 0.0156510341912508, 'joy': 0.015766071155667305, 'neutral': 0.7584151029586792, 'sadness': 0.0377221405506134, 'surprise': 0.05089655518531799}",0.02348940446972847,0.09805966168642044,0.0156510341912508,0.015766071155667305,0.7584151029586792,0.0377221405506134,0.05089655518531799,0.0,0.0,0.0,0.0,0.0,0.0,0,0,0,0,0,0,0,0,neutral
@UncleSam-USofA,125,7,unclesamusofa,neutral,0.8587081432342529,0,"{'anger': 0.014967943541705608, 'disgust': 0.008510411716997623, 'fear': 0.005848400294780731, 'joy': 0.053715359419584274, 'neutral': 0.6143409013748169, 'sadness': 0.1492200642824173, 'surprise': 0.15339696407318115}",0.014967943541705608,0.008510411716997623,0.005848400294780731,0.053715359419584274,0.6143409013748169,0.1492200642824173,0.15339696407318115,0.0,0.0,0.0,0.0,0.0,0.0,0,0,0,0,0,0,0,0,neutral
@RaymondHng,126,7,raymondhng,neutral,0.8276700973510742,2,"{'anger': 0.008301024325191975, 'disgust': 0.005597791634500027, 'fear': 0.0031644401606172323, 'joy': 0.03913211449980736, 'neutral': 0.7670760154724121, 'sadness': 0.06855735927820206, 'surprise': 0.10817130655050278}",0.008301024325191975,0.005597791634500027,0.0031644401606172323,0.03913211449980736,0.7670760154724121,0.06855735927820206,0.10817130655050278,0.0,0.0,0.0,0.0,0.0,0.0,0,0,0,0,0,0,0,0,neutral
@rclaughlin,129,7,rclaughlin,neutral,0.7879845499992371,1,"{'anger': 0.006160859949886799, 'disgust': 0.002334735356271267, 'fear': 0.007126981392502785, 'joy': 0.015194296836853027, 'neutral': 0.8373968601226807, 'sadness': 0.05627012997865677, 'surprise': 0.07551618665456772, 'joy_linguistic': 1.0, 'joy_sentence_count': 1}",0.006160859949886799,0.002334735356271267,0.007126981392502785,0.015194296836853027,0.8373968601226807,0.05627012997865677,0.07551618665456772,0.0,0.0,0.0,1.0,0.0,0.0,0,0,0,0,1,0,0,0,neutral
professionals,132,3,professionals,neutral,0.7582899332046509,0,"{'anger': 0.024760743603110313, 'disgust': 0.08626361191272736, 'fear': 0.06457630544900894, 'joy': 0.031797055155038834, 'neutral': 0.5139482617378235, 'sadness': 0.20150437951087952, 'surprise': 0.0771496593952179}",0.024760743603110313,0.08626361191272736,0.06457630544900894,0.031797055155038834,0.5139482617378235,0.20150437951087952,0.0771496593952179,0.0,0.0,0.0,0.0,0.0,0.0,0,0,0,0,0,0,0,0,neutral
which would enable local agreements and make it easier for the employers to pay less. AFAIK,134,5,would enable local agreements make easier employers pay less afaik,neutral,0.7046659588813782,2,"{'anger': 0.013008099049329758, 'disgust': 0.003163345856592059, 'fear': 0.0035199897829443216, 'joy': 0.1408507078886032, 'neutral': 0.7881790995597839, 'sadness': 0.005022681783884764, 'surprise': 0.04625602439045906}",0.013008099049329758,0.003163345856592059,0.0035199897829443216,0.1408507078886032,0.7881790995597839,0.005022681783884764,0.04625602439045906,0.0,0.0,0.0,0.0,0.0,0.0,0,0,0,0,0,0,0,0,neutral
where a strike with a political agenda or other strikes supporting it are not allowed and if the strike is deemed illegal,136,4,strike political agenda strikes supporting allowed strike deemed illegal,negative,0.5256350636482239,9,"{'anger': 0.9564865231513977, 'disgust': 0.0018734106561169028, 'fear': 0.033820025622844696, 'joy': 0.0015399391995742917, 'neutral': 0.002512499922886491, 'sadness': 0.002441438613459468, 'surprise': 0.0013262121938169003, 'sadness_linguistic': 1.0, 'sadness_sentence_count': 1}",0.9564865231513977,0.0018734106561169028,0.033820025622844696,0.0015399391995742917,0.002512499922886491,0.002441438613459468,0.0013262121938169003,0.0,0.0,0.0,0.0,0.0,1.0,0,0,0,0,0,0,1,0,anger
laws or interaction from the people in power,138,3,laws interaction people power,neutral,0.8163317441940308,0,"{'anger': 0.18479952216148376, 'disgust': 0.0829193964600563, 'fear': 0.020989827811717987, 'joy': 0.02915039099752903, 'neutral': 0.5959504842758179, 'sadness': 0.024697544053196907, 'surprise': 0.061492834240198135}",0.18479952216148376,0.0829193964600563,0.020989827811717987,0.02915039099752903,0.5959504842758179,0.024697544053196907,0.061492834240198135,0.0,0.0,0.0,0.0,0.0,0.0,0,0,0,0,0,0,0,0,neutral
"but at the same time the populists are doing the same informational acrobatics as the Russian officials. The same officials and ministers are known for blocking anyone on Twitter who dare to make any dissenting or critical comments to them.,,NNco4dayC1M",140,2,time populists informational acrobatics russian officials officials ministers known blocking anyone twitter dare make dissenting critical comments themnncodaycm,negative,0.6037744283676147,0,"{'anger': 0.6167200803756714, 'disgust': 0.00129397411365062, 'fear': 0.3672734200954437, 'joy': 0.0038004659581929445, 'neutral': 0.003963333088904619, 'sadness': 0.004860100336372852, 'surprise': 0.002088620327413082}",0.6167200803756714,0.00129397411365062,0.3672734200954437,0.0038004659581929445,0.003963333088904619,0.004860100336372852,0.002088620327413082,0.0,0.0,0.0,0.0,0.0,0.0,0,0,0,0,0,0,0,0,anger
@AZsunflower,148,7,azsunflower,neutral,0.7336920499801636,1,"{'anger': 0.0035462884698063135, 'disgust': 0.001252423389814794, 'fear': 0.001475054188631475, 'joy': 0.04500240460038185, 'neutral': 0.7918263077735901, 'sadness': 0.04791351407766342, 'surprise': 0.10898392647504807, 'sadness_linguistic': 1.0, 'sadness_sentence_count': 1}",0.0035462884698063135,0.001252423389814794,0.001475054188631475,0.04500240460038185,0.7918263077735901,0.04791351407766342,0.10898392647504807,0.0,0.0,0.0,0.0,0.0,1.0,0,0,0,0,0,0,1,0,neutral
without the evidence,156,2,without evidence,neutral,0.6758795976638794,1,"{'anger': 0.30155763030052185, 'disgust': 0.1355261206626892, 'fear': 0.015857599675655365, 'joy': 0.003677764441817999, 'neutral': 0.22733952105045319, 'sadness': 0.30614620447158813, 'surprise': 0.009895187802612782}",0.30155763030052185,0.1355261206626892,0.015857599675655365,0.003677764441817999,0.22733952105045319,0.30614620447158813,0.009895187802612782,0.0,0.0,0.0,0.0,0.0,0.0,0,0,0,0,0,0,0,0,sadness
"some real issues there actually. But not ghettos.,,NNco4dayC1M",175,2,real issues actually ghettosnncodaycm,negative,0.5569204092025757,1,"{'anger': 0.011014355346560478, 'disgust': 0.001137299812398851, 'fear': 0.005977556575089693, 'joy': 0.016680361703038216, 'neutral': 0.6852577924728394, 'sadness': 0.12133142352104187, 'surprise': 0.15860114991664886, 'neutral_linguistic': 2.0, 'neutral_sentence_count': 1}",0.011014355346560478,0.001137299812398851,0.005977556575089693,0.016680361703038216,0.6852577924728394,0.12133142352104187,0.15860114991664886,0.0,0.0,0.0,0.0,2.0,0.0,0,0,0,0,0,1,0,0,neutral
@peterwaugh4734,179,7,peterwaugh,neutral,0.799799919128418,0,"{'anger': 0.01085118018090725, 'disgust': 0.005082577932626009, 'fear': 0.004026064183562994, 'joy': 0.0215992983430624, 'neutral': 0.860537588596344, 'sadness': 0.02775816060602665, 'surprise': 0.07014510035514832}",0.01085118018090725,0.005082577932626009,0.004026064183562994,0.0215992983430624,0.860537588596344,0.02775816060602665,0.07014510035514832,0.0,0.0,0.0,0.0,0.0,0.0,0,0,0,0,0,0,0,0,neutral
@AZsunflower,181,7,azsunflower,neutral,0.7336920499801636,1,"{'anger': 0.0035462884698063135, 'disgust': 0.001252423389814794, 'fear': 0.001475054188631475, 'joy': 0.04500240460038185, 'neutral': 0.7918263077735901, 'sadness': 0.04791351407766342, 'surprise': 0.10898392647504807, 'sadness_linguistic': 1.0, 'sadness_sentence_count': 1}",0.0035462884698063135,0.001252423389814794,0.001475054188631475,0.04500240460038185,0.7918263077735901,0.04791351407766342,0.10898392647504807,0.0,0.0,0.0,0.0,0.0,1.0,0,0,0,0,0,0,1,0,neutral
@matthewscopelite5303,182,5,matthewscopelite,neutral,0.784699559211731,5,"{'anger': 0.0052154697477817535, 'disgust': 0.0010350958909839392, 'fear': 0.002525702118873596, 'joy': 0.03513946011662483, 'neutral': 0.889288067817688, 'sadness': 0.014327920973300934, 'surprise': 0.05246824398636818}",0.0052154697477817535,0.0010350958909839392,0.002525702118873596,0.03513946011662483,0.889288067817688,0.014327920973300934,0.05246824398636818,0.0,0.0,0.0,0.0,0.0,0.0,0,0,0,0,0,0,0,0,neutral
our schools do not perform their primary purpose,184,4,schools perform primary purpose,negative,0.7866339683532715,7,"{'anger': 0.05137224495410919, 'disgust': 0.023578010499477386, 'fear': 0.0060649593360722065, 'joy': 0.043260201811790466, 'neutral': 0.8373264670372009, 'sadness': 0.018387218937277794, 'surprise': 0.02001088857650757}",0.05137224495410919,0.023578010499477386,0.0060649593360722065,0.043260201811790466,0.8373264670372009,0.018387218937277794,0.02001088857650757,0.0,0.0,0.0,0.0,0.0,0.0,0,0,0,0,0,0,0,0,neutral
(being an educator himself) makes Education his crusade and top priority when he gets into office.,186,2,educator makes education crusade top priority gets office,neutral,0.5084447860717773,1,"{'anger': 0.1656041443347931, 'disgust': 0.013280756771564484, 'fear': 0.015536872670054436, 'joy': 0.07038222998380661, 'neutral': 0.6726811528205872, 'sadness': 0.010200855322182178, 'surprise': 0.052313920110464096, 'sadness_linguistic': 1.0, 'sadness_sentence_count': 1}",0.1656041443347931,0.013280756771564484,0.015536872670054436,0.07038222998380661,0.6726811528205872,0.010200855322182178,0.052313920110464096,0.0,0.0,0.0,0.0,0.0,1.0,0,0,0,0,0,0,1,0,neutral
"please join me in this ardent prayer),,NNco4dayC1M",188,2,please join ardent prayernncodaycm,positive,0.7354573011398315,2,"{'anger': 0.024618687108159065, 'disgust': 0.0011554488446563482, 'fear': 0.007311703637242317, 'joy': 0.05687885358929634, 'neutral': 0.8119463920593262, 'sadness': 0.038590047508478165, 'surprise': 0.05949894338846207}",0.024618687108159065,0.0011554488446563482,0.007311703637242317,0.05687885358929634,0.8119463920593262,0.038590047508478165,0.05949894338846207,0.0,0.0,0.0,0.0,0.0,0.0,0,0,0,0,0,0,0,0,neutral
@unknownentity8256,198,7,unknownentity,neutral,0.7575907707214355,9,"{'anger': 0.04246210679411888, 'disgust': 0.021426986902952194, 'fear': 0.07455628365278244, 'joy': 0.010905992239713669, 'neutral': 0.6550938487052917, 'sadness': 0.04678000137209892, 'surprise': 0.14877480268478394, 'fear_linguistic': 1.0, 'fear_sentence_count': 1}",0.04246210679411888,0.021426986902952194,0.07455628365278244,0.010905992239713669,0.6550938487052917,0.04678000137209892,0.14877480268478394,0.0,0.0,1.0,0.0,0.0,0.0,0,0,0,1,0,0,0,0,fear
@tomhill6559,200,7,tomhill,neutral,0.7857460379600525,1,,0.0,0.0,0.0,0.0,0.0,0.0,0.0,0.0,0.0,0.0,0.0,0.0,0.0,0,0,0,0,0,0,0,0,anger
so I have a hard time to find an argument which to answer,203,3,hard time find argument answer,negative,0.7009522318840027,0,"{'anger': 0.012571755796670914, 'disgust': 0.005850573070347309, 'fear': 0.004538663197308779, 'joy': 0.0036040691193193197, 'neutral': 0.8632514476776123, 'sadness': 0.023809973150491714, 'surprise': 0.08637354522943497}",0.012571755796670914,0.005850573070347309,0.004538663197308779,0.0036040691193193197,0.8632514476776123,0.023809973150491714,0.08637354522943497,0.0,0.0,0.0,0.0,0.0,0.0,0,0,0,0,0,0,0,0,neutral
and they hadn't been a government party since 2014. Before that the last time Vasemmisto was in government was in 2003 - So I have no idea what you mean by that last 20-years,205,3,hadnt government party since last time vasemmisto government idea mean last years,neutral,0.5434802770614624,6,"{'anger': 0.03038514032959938, 'disgust': 0.012326029129326344, 'fear': 0.010328223928809166, 'joy': 0.013893747702240944, 'neutral': 0.49830594658851624, 'sadness': 0.15232372283935547, 'surprise': 0.282437264919281, 'joy_linguistic': 1.0, 'anger_linguistic': 1.0, 'joy_sentence_count': 1, 'anger_sentence_count': 1}",0.03038514032959938,0.012326029129326344,0.010328223928809166,0.013893747702240944,0.49830594658851624,0.15232372283935547,0.282437264919281,1.0,0.0,0.0,1.0,0.0,0.0,0,1,0,0,1,0,0,0,anger
@LetsWinThisThing,209,7,letswinthisthing,positive,0.6506068110466003,4,"{'anger': 0.008707095868885517, 'disgust': 0.0032285999041050673, 'fear': 0.004616685211658478, 'joy': 0.06320562213659286, 'neutral': 0.7363067865371704, 'sadness': 0.03178057819604874, 'surprise': 0.15215466916561127}",0.008707095868885517,0.0032285999041050673,0.004616685211658478,0.06320562213659286,0.7363067865371704,0.03178057819604874,0.15215466916561127,0.0,0.0,0.0,0.0,0.0,0.0,0,0,0,0,0,0,0,0,neutral
@JNacoustic,217,7,jnacoustic,neutral,0.8136399388313293,4,"{'anger': 0.007450740784406662, 'disgust': 0.0016099356580525637, 'fear': 0.0108282919973135, 'joy': 0.10888661444187164, 'neutral': 0.6185821294784546, 'sadness': 0.12627433240413666, 'surprise': 0.12636803090572357}",0.007450740784406662,0.0016099356580525637,0.0108282919973135,0.10888661444187164,0.6185821294784546,0.12627433240413666,0.12636803090572357,0.0,0.0,0.0,0.0,0.0,0.0,0,0,0,0,0,0,0,0,neutral
@rickbethwhite3479,221,7,rickbethwhite,neutral,0.7737576365470886,8,"{'anger': 0.006563539616763592, 'disgust': 0.0017016440397128463, 'fear': 0.002842897782102227, 'joy': 0.03409207984805107, 'neutral': 0.8278257250785828, 'sadness': 0.04568375274538994, 'surprise': 0.08129039406776428}",0.006563539616763592,0.0017016440397128463,0.002842897782102227,0.03409207984805107,0.8278257250785828,0.04568375274538994,0.08129039406776428,0.0,0.0,0.0,0.0,0.0,0.0,0,0,0,0,0,0,0,0,neutral
@TheAxeaman,228,7,theaxeaman,neutral,0.7308893203735352,3,"{'anger': 0.013434775173664093, 'disgust': 0.0009439787827432156, 'fear': 0.01296735554933548, 'joy': 0.09486407786607742, 'neutral': 0.7237116098403931, 'sadness': 0.05202968418598175, 'surprise': 0.10204844921827316}",0.013434775173664093,0.0009439787827432156,0.01296735554933548,0.09486407786607742,0.7237116098403931,0.05202968418598175,0.10204844921827316,0.0,0.0,0.0,0.0,0.0,0.0,0,0,0,0,0,0,0,0,neutral
@CharlesTheV1st,248,7,charlesthevst,neutral,0.7658752202987671,0,"{'anger': 0.015329021029174328, 'disgust': 0.00743112014606595, 'fear': 0.008497287519276142, 'joy': 0.023741068318486214, 'neutral': 0.8120976090431213, 'sadness': 0.04393092915415764, 'surprise': 0.08897292613983154}",0.015329021029174328,0.00743112014606595,0.008497287519276142,0.023741068318486214,0.8120976090431213,0.04393092915415764,0.08897292613983154,0.0,0.0,0.0,0.0,0.0,0.0,0,0,0,0,0,0,0,0,neutral
@Joshua-by4qv,253,7,joshuabyqv,neutral,0.8249789476394653,0,"{'anger': 0.012685546651482582, 'disgust': 0.00965797994285822, 'fear': 0.013579009100794792, 'joy': 0.026218125596642494, 'neutral': 0.7920355200767517, 'sadness': 0.058004606515169144, 'surprise': 0.08781933039426804}",0.012685546651482582,0.00965797994285822,0.013579009100794792,0.026218125596642494,0.7920355200767517,0.058004606515169144,0.08781933039426804,0.0,0.0,0.0,0.0,0.0,0.0,0,0,0,0,0,0,0,0,neutral
@thericster5541,262,7,thericster,neutral,0.765483021736145,1,"{'anger': 0.012255184352397919, 'disgust': 0.019208654761314392, 'fear': 0.0064779892563819885, 'joy': 0.029506025835871696, 'neutral': 0.8389083743095398, 'sadness': 0.022028816863894463, 'surprise': 0.07161492109298706}",0.012255184352397919,0.019208654761314392,0.0064779892563819885,0.029506025835871696,0.8389083743095398,0.022028816863894463,0.07161492109298706,0.0,0.0,0.0,0.0,0.0,0.0,0,0,0,0,0,0,0,0,neutral
@FollowTheJohn,279,7,followthejohn,neutral,0.8282370567321777,1,"{'anger': 0.012206929735839367, 'disgust': 0.0008287454256787896, 'fear': 0.00284456554800272, 'joy': 0.037472836673259735, 'neutral': 0.8437654972076416, 'sadness': 0.02185029722750187, 'surprise': 0.08103112876415253, 'sadness_linguistic': 1.0, 'sadness_sentence_count': 1}",0.012206929735839367,0.0008287454256787896,0.00284456554800272,0.037472836673259735,0.8437654972076416,0.02185029722750187,0.08103112876415253,0.0,0.0,0.0,0.0,0.0,1.0,0,0,0,0,0,0,1,0,neutral
@AZsunflower,287,7,azsunflower,neutral,0.7336920499801636,-1,"{'anger': 0.0035462884698063135, 'disgust': 0.001252423389814794, 'fear': 0.001475054188631475, 'joy': 0.04500240460038185, 'neutral': 0.7918263077735901, 'sadness': 0.04791351407766342, 'surprise': 0.10898392647504807, 'sadness_linguistic': 1.0, 'sadness_sentence_count': 1}",0.0035462884698063135,0.001252423389814794,0.001475054188631475,0.04500240460038185,0.7918263077735901,0.04791351407766342,0.10898392647504807,0.0,0.0,0.0,0.0,0.0,1.0,0,0,0,0,0,0,1,0,neutral
@matthewstapleford7774,293,7,matthewstapleford,neutral,0.831669270992279,1,"{'anger': 0.00845909770578146, 'disgust': 0.0031920571345835924, 'fear': 0.005488127935677767, 'joy': 0.03751455619931221, 'neutral': 0.8274633288383484, 'sadness': 0.05101891607046127, 'surprise': 0.06686397641897202}",0.00845909770578146,0.0031920571345835924,0.005488127935677767,0.03751455619931221,0.8274633288383484,0.05101891607046127,0.06686397641897202,0.0,0.0,0.0,0.0,0.0,0.0,0,0,0,0,0,0,0,0,neutral
@FiniteResources7734,294,7,finiteresources,neutral,0.7812132239341736,2,"{'anger': 0.016232362017035484, 'disgust': 0.0045999265275895596, 'fear': 0.0034672978799790144, 'joy': 0.030316900461912155, 'neutral': 0.8834787011146545, 'sadness': 0.01891554705798626, 'surprise': 0.04298924282193184}",0.016232362017035484,0.0045999265275895596,0.0034672978799790144,0.030316900461912155,0.8834787011146545,0.01891554705798626,0.04298924282193184,0.0,0.0,0.0,0.0,0.0,0.0,0,0,0,0,0,0,0,0,neutral
its a fence to guide people trying to cross the border to the border checkpoints. It is there to make the job of the border guards easier by guiding people trying to cross to certain points also to protect people from entering the wilderness,316,3,fence guide people trying cross border border checkpoints make job border guards easier guiding people trying cross certain points also protect people entering wilderness,neutral,0.8981854319572449,1,"{'anger': 0.06678944826126099, 'disgust': 0.012020641937851906, 'fear': 0.2492956966161728, 'joy': 0.029146354645490646, 'neutral': 0.6275426745414734, 'sadness': 0.009812931530177593, 'surprise': 0.005392307415604591, 'neutral_linguistic': 1.0, 'neutral_sentence_count': 1}",0.06678944826126099,0.012020641937851906,0.2492956966161728,0.029146354645490646,0.6275426745414734,0.009812931530177593,0.005392307415604591,0.0,0.0,0.0,0.0,1.0,0.0,0,0,0,0,0,1,0,0,neutral
@MotherGoose-od1qi,319,7,mothergooseodqi,neutral,0.8141747117042542,2,"{'anger': 0.004805658478289843, 'disgust': 0.0012619958724826574, 'fear': 0.0022434121929109097, 'joy': 0.018663693219423294, 'neutral': 0.7719836235046387, 'sadness': 0.03814173862338066, 'surprise': 0.16289982199668884}",0.004805658478289843,0.0012619958724826574,0.0022434121929109097,0.018663693219423294,0.7719836235046387,0.03814173862338066,0.16289982199668884,0.0,0.0,0.0,0.0,0.0,0.0,0,0,0,0,0,0,0,0,neutral
@linguaphile42,320,7,linguaphile,neutral,0.7696951627731323,3,"{'anger': 0.02348940446972847, 'disgust': 0.09805966168642044, 'fear': 0.0156510341912508, 'joy': 0.015766071155667305, 'neutral': 0.7584151029586792, 'sadness': 0.0377221405506134, 'surprise': 0.05089655518531799}",0.02348940446972847,0.09805966168642044,0.0156510341912508,0.015766071155667305,0.7584151029586792,0.0377221405506134,0.05089655518531799,0.0,0.0,0.0,0.0,0.0,0.0,0,0,0,0,0,0,0,0,neutral
@earthstar2493,324,5,earthstar,neutral,0.7480491399765015,0,,0.0,0.0,0.0,0.0,0.0,0.0,0.0,0.0,0.0,0.0,0.0,0.0,0.0,0,0,0,0,0,0,0,0,anger
@linguaphile42,326,7,linguaphile,neutral,0.7696951627731323,0,"{'anger': 0.02348940446972847, 'disgust': 0.09805966168642044, 'fear': 0.0156510341912508, 'joy': 0.015766071155667305, 'neutral': 0.7584151029586792, 'sadness': 0.0377221405506134, 'surprise': 0.05089655518531799}",0.02348940446972847,0.09805966168642044,0.0156510341912508,0.015766071155667305,0.7584151029586792,0.0377221405506134,0.05089655518531799,0.0,0.0,0.0,0.0,0.0,0.0,0,0,0,0,0,0,0,0,neutral
@goodcommunitylife,330,7,goodcommunitylife,neutral,0.5202775597572327,0,"{'anger': 0.010193278081715107, 'disgust': 0.0018663551891222596, 'fear': 0.004131747409701347, 'joy': 0.35282060503959656, 'neutral': 0.5506510138511658, 'sadness': 0.041725967079401016, 'surprise': 0.03861103951931}",0.010193278081715107,0.0018663551891222596,0.004131747409701347,0.35282060503959656,0.5506510138511658,0.041725967079401016,0.03861103951931,0.0,0.0,0.0,0.0,0.0,0.0,0,0,0,0,0,0,0,0,neutral
@Olliethelabradane,339,7,olliethelabradane,neutral,0.7691494226455688,0,"{'anger': 0.007620937190949917, 'disgust': 0.005061447154730558, 'fear': 0.004000954795628786, 'joy': 0.02536214143037796, 'neutral': 0.8223570585250854, 'sadness': 0.0434967540204525, 'surprise': 0.09210070222616196}",0.007620937190949917,0.005061447154730558,0.004000954795628786,0.02536214143037796,0.8223570585250854,0.0434967540204525,0.09210070222616196,0.0,0.0,0.0,0.0,0.0,0.0,0,0,0,0,0,0,0,0,neutral
"and using children as a tool of delivery.,,NNco4dayC1M",354,2,using children tool deliverynncodaycm,neutral,0.8694888949394226,2,"{'anger': 0.0033064810559153557, 'disgust': 0.0009783231653273106, 'fear': 0.0025886977091431618, 'joy': 0.06019608676433563, 'neutral': 0.8165334463119507, 'sadness': 0.03313414379954338, 'surprise': 0.08326281607151031}",0.0033064810559153557,0.0009783231653273106,0.0025886977091431618,0.06019608676433563,0.8165334463119507,0.03313414379954338,0.08326281607151031,0.0,0.0,0.0,0.0,0.0,0.0,0,0,0,0,0,0,0,0,neutral
everywhere. Get rid of right wing populists,366,7,everywhere get rid right wing populists,negative,0.5549603700637817,1,"{'anger': 0.03625069558620453, 'disgust': 0.014407780952751637, 'fear': 0.006764028687030077, 'joy': 0.0030023311264812946, 'neutral': 0.9121482372283936, 'sadness': 0.006026793271303177, 'surprise': 0.021400097757577896}",0.03625069558620453,0.014407780952751637,0.006764028687030077,0.0030023311264812946,0.9121482372283936,0.006026793271303177,0.021400097757577896,0.0,0.0,0.0,0.0,0.0,0.0,0,0,0,0,0,0,0,0,neutral
@thisis.michelletorres444,369,7,thisismichelletorres,neutral,0.8325558304786682,2,"{'anger': 0.009053904563188553, 'disgust': 0.0019315675599500537, 'fear': 0.005311679560691118, 'joy': 0.08094128221273422, 'neutral': 0.6939999461174011, 'sadness': 0.049002520740032196, 'surprise': 0.15975911915302277}",0.009053904563188553,0.0019315675599500537,0.005311679560691118,0.08094128221273422,0.6939999461174011,0.049002520740032196,0.15975911915302277,0.0,0.0,0.0,0.0,0.0,0.0,0,0,0,0,0,0,0,0,neutral
right is obsessed,375,5,right obsessed,negative,0.5871577858924866,1,"{'anger': 0.3261338770389557, 'disgust': 0.060501452535390854, 'fear': 0.0044226208701729774, 'joy': 0.004011544864624739, 'neutral': 0.5765702128410339, 'sadness': 0.006569152232259512, 'surprise': 0.02179107628762722}",0.3261338770389557,0.060501452535390854,0.0044226208701729774,0.004011544864624739,0.5765702128410339,0.006569152232259512,0.02179107628762722,0.0,0.0,0.0,0.0,0.0,0.0,0,0,0,0,0,0,0,0,neutral
@finnishview2933,385,7,finnishview,neutral,0.8276132941246033,8,"{'anger': 0.005499094258993864, 'disgust': 0.0022194194607436657, 'fear': 0.005493514239788055, 'joy': 0.025003861635923386, 'neutral': 0.7357608675956726, 'sadness': 0.06455185264348984, 'surprise': 0.161471426486969}",0.005499094258993864,0.0022194194607436657,0.005493514239788055,0.025003861635923386,0.7357608675956726,0.06455185264348984,0.161471426486969,0.0,0.0,0.0,0.0,0.0,0.0,0,0,0,0,0,0,0,0,neutral
@thomasl2974,388,7,thomasl,neutral,0.7848925590515137,0,,0.0,0.0,0.0,0.0,0.0,0.0,0.0,0.0,0.0,0.0,0.0,0.0,0.0,0,0,0,0,0,0,0,0,anger
@FactsMattuh,401,7,factsmattuh,neutral,0.7877061367034912,0,"{'anger': 0.007880114018917084, 'disgust': 0.0023680380545556545, 'fear': 0.0028963247314095497, 'joy': 0.0135247353464365, 'neutral': 0.8339542150497437, 'sadness': 0.027559537440538406, 'surprise': 0.11181703954935074}",0.007880114018917084,0.0023680380545556545,0.0028963247314095497,0.0135247353464365,0.8339542150497437,0.027559537440538406,0.11181703954935074,0.0,0.0,0.0,0.0,0.0,0.0,0,0,0,0,0,0,0,0,neutral
@AZsunflower,403,7,azsunflower,neutral,0.7336920499801636,7,"{'anger': 0.0035462884698063135, 'disgust': 0.001252423389814794, 'fear': 0.001475054188631475, 'joy': 0.04500240460038185, 'neutral': 0.7918263077735901, 'sadness': 0.04791351407766342, 'surprise': 0.10898392647504807, 'sadness_linguistic': 1.0, 'sadness_sentence_count': 1}",0.0035462884698063135,0.001252423389814794,0.001475054188631475,0.04500240460038185,0.7918263077735901,0.04791351407766342,0.10898392647504807,0.0,0.0,0.0,0.0,0.0,1.0,0,0,0,0,0,0,1,0,neutral
@Seekthetruth3000,429,7,seekthetruth,neutral,0.8269956707954407,4,"{'anger': 0.335414320230484, 'disgust': 0.001905282842926681, 'fear': 0.1837012767791748, 'joy': 0.054766133427619934, 'neutral': 0.3569014072418213, 'sadness': 0.04462558031082153, 'surprise': 0.022685930132865906}",0.335414320230484,0.001905282842926681,0.1837012767791748,0.054766133427619934,0.3569014072418213,0.04462558031082153,0.022685930132865906,0.0,0.0,0.0,0.0,0.0,0.0,0,0,0,0,0,0,0,0,neutral
@HenritheHorse,431,7,henrithehorse,neutral,0.781503438949585,2,"{'anger': 0.005354172550141811, 'disgust': 0.0023791727144271135, 'fear': 0.0033995402045547962, 'joy': 0.0253303125500679, 'neutral': 0.8579034209251404, 'sadness': 0.02585206739604473, 'surprise': 0.07978139817714691}",0.005354172550141811,0.0023791727144271135,0.0033995402045547962,0.0253303125500679,0.8579034209251404,0.02585206739604473,0.07978139817714691,0.0,0.0,0.0,0.0,0.0,0.0,0,0,0,0,0,0,0,0,neutral
ivermectin,434,4,ivermectin,neutral,0.7011271715164185,2,"{'anger': 0.02498040162026882, 'disgust': 0.02217681333422661, 'fear': 0.03224401921033859, 'joy': 0.05894409865140915, 'neutral': 0.5597175359725952, 'sadness': 0.1541256606578827, 'surprise': 0.1478114277124405}",0.02498040162026882,0.02217681333422661,0.03224401921033859,0.05894409865140915,0.5597175359725952,0.1541256606578827,0.1478114277124405,0.0,0.0,0.0,0.0,0.0,0.0,0,0,0,0,0,0,0,0,neutral
@Athandatu,437,7,athandatu,neutral,0.7203149795532227,8,,0.0,0.0,0.0,0.0,0.0,0.0,0.0,0.0,0.0,0.0,0.0,0.0,0.0,0,0,0,0,0,0,0,0,anger
@malcolmthorne9779,439,5,malcolmthorne,neutral,0.8360402584075928,7,"{'anger': 0.007302494253963232, 'disgust': 0.0033277925103902817, 'fear': 0.0038699922151863575, 'joy': 0.026613406836986542, 'neutral': 0.8428989052772522, 'sadness': 0.0479498952627182, 'surprise': 0.06803754717111588}",0.007302494253963232,0.0033277925103902817,0.0038699922151863575,0.026613406836986542,0.8428989052772522,0.0479498952627182,0.06803754717111588,0.0,0.0,0.0,0.0,0.0,0.0,0,0,0,0,0,0,0,0,neutral
"barbaric culture and politics to the rest of the world.,,NNco4dayC1M",442,2,barbaric culture politics rest worldnncodaycm,neutral,0.8840304017066956,2,"{'anger': 0.008673934265971184, 'disgust': 0.0014357398031279445, 'fear': 0.0039005386643111706, 'joy': 0.032963186502456665, 'neutral': 0.7976043820381165, 'sadness': 0.03795896843075752, 'surprise': 0.11746326833963394}",0.008673934265971184,0.0014357398031279445,0.0039005386643111706,0.032963186502456665,0.7976043820381165,0.03795896843075752,0.11746326833963394,0.0,0.0,0.0,0.0,0.0,0.0,0,0,0,0,0,0,0,0,neutral
no CBS is not state run. And unlike Fox News,447,3,cbs state run unlike fox news,neutral,0.7860272526741028,9,"{'anger': 0.004236082546412945, 'disgust': 0.0017349038971588016, 'fear': 0.004829432815313339, 'joy': 0.020023446530103683, 'neutral': 0.7594363689422607, 'sadness': 0.07454203814268112, 'surprise': 0.13519780337810516}",0.004236082546412945,0.0017349038971588016,0.004829432815313339,0.020023446530103683,0.7594363689422607,0.07454203814268112,0.13519780337810516,0.0,0.0,0.0,0.0,0.0,0.0,0,0,0,0,0,0,0,0,neutral
he did not propagate Russian and Chinese propaganda (Matt gaetz and MTG,449,5,propagate russian chinese propaganda matt gaetz mtg,neutral,0.7211568355560303,6,"{'anger': 0.04838431254029274, 'disgust': 0.004509520251303911, 'fear': 0.010886683128774166, 'joy': 0.042458660900592804, 'neutral': 0.8227258920669556, 'sadness': 0.03136496618390083, 'surprise': 0.03966991975903511}",0.04838431254029274,0.004509520251303911,0.010886683128774166,0.042458660900592804,0.8227258920669556,0.03136496618390083,0.03966991975903511,0.0,0.0,0.0,0.0,0.0,0.0,0,0,0,0,0,0,0,0,neutral
"leading to hospital and school shutdown because of threats from crazy right wingers.,,NNco4dayC1M",451,2,leading hospital school shutdown threats crazy right wingersnncodaycm,negative,0.8194864392280579,0,"{'anger': 0.033675264567136765, 'disgust': 0.0002696578449103981, 'fear': 0.9297671318054199, 'joy': 0.006888453848659992, 'neutral': 0.006106461863964796, 'sadness': 0.012981818988919258, 'surprise': 0.010311383754014969, 'sadness_linguistic': 1.0, 'fear_linguistic': 1.0, 'sadness_sentence_count': 1, 'fear_sentence_count': 1}",0.033675264567136765,0.0002696578449103981,0.9297671318054199,0.006888453848659992,0.006106461863964796,0.012981818988919258,0.010311383754014969,0.0,0.0,1.0,0.0,0.0,1.0,0,0,0,1,0,0,1,0,fear
@HenritheHorse,452,7,henrithehorse,neutral,0.781503438949585,8,"{'anger': 0.005354172550141811, 'disgust': 0.0023791727144271135, 'fear': 0.0033995402045547962, 'joy': 0.0253303125500679, 'neutral': 0.8579034209251404, 'sadness': 0.02585206739604473, 'surprise': 0.07978139817714691}",0.005354172550141811,0.0023791727144271135,0.0033995402045547962,0.0253303125500679,0.8579034209251404,0.02585206739604473,0.07978139817714691,0.0,0.0,0.0,0.0,0.0,0.0,0,0,0,0,0,0,0,0,neutral
@TheLordOfNothing,453,7,thelordofnothing,neutral,0.6406561136245728,2,"{'anger': 0.0774802565574646, 'disgust': 0.009820295497775078, 'fear': 0.005322090350091457, 'joy': 0.035365503281354904, 'neutral': 0.6662307977676392, 'sadness': 0.11276654154062271, 'surprise': 0.09301454573869705}",0.0774802565574646,0.009820295497775078,0.005322090350091457,0.035365503281354904,0.6662307977676392,0.11276654154062271,0.09301454573869705,0.0,0.0,0.0,0.0,0.0,0.0,0,0,0,0,0,0,0,0,neutral
@HenritheHorse,456,7,henrithehorse,neutral,0.781503438949585,8,"{'anger': 0.005354172550141811, 'disgust': 0.0023791727144271135, 'fear': 0.0033995402045547962, 'joy': 0.0253303125500679, 'neutral': 0.8579034209251404, 'sadness': 0.02585206739604473, 'surprise': 0.07978139817714691}",0.005354172550141811,0.0023791727144271135,0.0033995402045547962,0.0253303125500679,0.8579034209251404,0.02585206739604473,0.07978139817714691,0.0,0.0,0.0,0.0,0.0,0.0,0,0,0,0,0,0,0,0,neutral
here’s a reminder—he is not running for president,461,5,heres reminderhe running president,neutral,0.761188805103302,3,"{'anger': 0.015337448567152023, 'disgust': 0.003713427809998393, 'fear': 0.012795367278158665, 'joy': 0.04766899347305298, 'neutral': 0.8124765157699585, 'sadness': 0.029908152297139168, 'surprise': 0.07810008525848389}",0.015337448567152023,0.003713427809998393,0.012795367278158665,0.04766899347305298,0.8124765157699585,0.029908152297139168,0.07810008525848389,0.0,0.0,0.0,0.0,0.0,0.0,0,0,0,0,0,0,0,0,neutral
couldnt help it.,468,2,couldnt help,negative,0.48452648520469666,3,"{'anger': 0.004246248863637447, 'disgust': 0.002436653710901737, 'fear': 0.004125276580452919, 'joy': 0.0014225357444956899, 'neutral': 0.05527138710021973, 'sadness': 0.9201844930648804, 'surprise': 0.012313398532569408}",0.004246248863637447,0.002436653710901737,0.004125276580452919,0.0014225357444956899,0.05527138710021973,0.9201844930648804,0.012313398532569408,0.0,0.0,0.0,0.0,0.0,0.0,0,0,0,0,0,0,0,0,sadness
but you have the nasty habit of impacting the entire planet with everything you do.,470,2,nasty habit impacting entire planet everything,negative,0.9293432235717773,-1,"{'anger': 0.13722391426563263, 'disgust': 0.37526071071624756, 'fear': 0.3604487478733063, 'joy': 0.006035102065652609, 'neutral': 0.07125739753246307, 'sadness': 0.037694040685892105, 'surprise': 0.01208002120256424, 'anger_linguistic': 1.0, 'disgust_linguistic': 1.0, 'anger_sentence_count': 1, 'disgust_sentence_count': 1}",0.13722391426563263,0.37526071071624756,0.3604487478733063,0.006035102065652609,0.07125739753246307,0.037694040685892105,0.01208002120256424,1.0,1.0,0.0,0.0,0.0,0.0,0,1,1,0,0,0,0,0,disgust
jesus or climate-change- is a hoax - then all of that display of a failing education system just points to the catastrophic outcome it has for the rest of the planet.,472,2,jesus climatechange hoax display failing education system points catastrophic outcome rest planet,negative,0.9214961528778076,4,"{'anger': 0.11765394359827042, 'disgust': 0.005874482449144125, 'fear': 0.0940975695848465, 'joy': 0.008215082809329033, 'neutral': 0.05506354942917824, 'sadness': 0.6807098388671875, 'surprise': 0.03838556632399559}",0.11765394359827042,0.005874482449144125,0.0940975695848465,0.008215082809329033,0.05506354942917824,0.6807098388671875,0.03838556632399559,0.0,0.0,0.0,0.0,0.0,0.0,0,0,0,0,0,0,0,0,sadness
i dont feel like shouting haa haa - because in the end,474,3,dont feel like shouting haa haa end,negative,0.6912661790847778,6,"{'anger': 0.36970406770706177, 'disgust': 0.04197698086500168, 'fear': 0.04718859866261482, 'joy': 0.07787895947694778, 'neutral': 0.013852044939994812, 'sadness': 0.4427480697631836, 'surprise': 0.006651337258517742}",0.36970406770706177,0.04197698086500168,0.04718859866261482,0.07787895947694778,0.013852044939994812,0.4427480697631836,0.006651337258517742,0.0,0.0,0.0,0.0,0.0,0.0,0,0,0,0,0,0,0,0,sadness
@FreeTheChinese,476,7,freethechinese,neutral,0.7475265860557556,8,"{'anger': 0.005442928988486528, 'disgust': 0.0010418788297101855, 'fear': 0.0035486058332026005, 'joy': 0.1058821827173233, 'neutral': 0.7254976034164429, 'sadness': 0.02604345604777336, 'surprise': 0.13254334032535553}",0.005442928988486528,0.0010418788297101855,0.0035486058332026005,0.1058821827173233,0.7254976034164429,0.02604345604777336,0.13254334032535553,0.0,0.0,0.0,0.0,0.0,0.0,0,0,0,0,0,0,0,0,neutral
@HenritheHorse,488,7,henrithehorse,neutral,0.781503438949585,1,"{'anger': 0.005354172550141811, 'disgust': 0.0023791727144271135, 'fear': 0.0033995402045547962, 'joy': 0.0253303125500679, 'neutral': 0.8579034209251404, 'sadness': 0.02585206739604473, 'surprise': 0.07978139817714691}",0.005354172550141811,0.0023791727144271135,0.0033995402045547962,0.0253303125500679,0.8579034209251404,0.02585206739604473,0.07978139817714691,0.0,0.0,0.0,0.0,0.0,0.0,0,0,0,0,0,0,0,0,neutral
@chesterwilberforce9832,489,7,chesterwilberforce,neutral,0.8154489994049072,-1,"{'anger': 0.008681614883244038, 'disgust': 0.0017642069142311811, 'fear': 0.003973523620516062, 'joy': 0.03602365776896477, 'neutral': 0.7806069254875183, 'sadness': 0.07051533460617065, 'surprise': 0.09843473136425018}",0.008681614883244038,0.0017642069142311811,0.003973523620516062,0.03602365776896477,0.7806069254875183,0.07051533460617065,0.09843473136425018,0.0,0.0,0.0,0.0,0.0,0.0,0,0,0,0,0,0,0,0,neutral
@BlockdaCoolguy,497,7,blockdacoolguy,neutral,0.7161245942115784,-1,"{'anger': 0.0046032448299229145, 'disgust': 0.0014250854728743434, 'fear': 0.0013337770942598581, 'joy': 0.05417506769299507, 'neutral': 0.7554770112037659, 'sadness': 0.056883905082941055, 'surprise': 0.12610195577144623}",0.0046032448299229145,0.0014250854728743434,0.0013337770942598581,0.05417506769299507,0.7554770112037659,0.056883905082941055,0.12610195577144623,0.0,0.0,0.0,0.0,0.0,0.0,0,0,0,0,0,0,0,0,neutral
@Perry-o5i,501,7,perryoi,neutral,0.7861008644104004,3,,0.0,0.0,0.0,0.0,0.0,0.0,0.0,0.0,0.0,0.0,0.0,0.0,0.0,0,0,0,0,0,0,0,0,anger
@BradThePitts,510,7,bradthepitts,neutral,0.8067699670791626,9,"{'anger': 0.005938658490777016, 'disgust': 0.0027385216671973467, 'fear': 0.002283359644934535, 'joy': 0.03728892281651497, 'neutral': 0.8275631666183472, 'sadness': 0.05355240777134895, 'surprise': 0.07063502073287964}",0.005938658490777016,0.0027385216671973467,0.002283359644934535,0.03728892281651497,0.8275631666183472,0.05355240777134895,0.07063502073287964,0.0,0.0,0.0,0.0,0.0,0.0,0,0,0,0,0,0,0,0,neutral
@HenritheHorse,514,7,henrithehorse,neutral,0.781503438949585,0,"{'anger': 0.005354172550141811, 'disgust': 0.0023791727144271135, 'fear': 0.0033995402045547962, 'joy': 0.0253303125500679, 'neutral': 0.8579034209251404, 'sadness': 0.02585206739604473, 'surprise': 0.07978139817714691}",0.005354172550141811,0.0023791727144271135,0.0033995402045547962,0.0253303125500679,0.8579034209251404,0.02585206739604473,0.07978139817714691,0.0,0.0,0.0,0.0,0.0,0.0,0,0,0,0,0,0,0,0,neutral
@northshorelight35,516,7,northshorelight,neutral,0.7468727231025696,2,"{'anger': 0.006593762431293726, 'disgust': 0.002451471518725157, 'fear': 0.005128624849021435, 'joy': 0.00991799309849739, 'neutral': 0.8623881936073303, 'sadness': 0.05573417991399765, 'surprise': 0.057785723358392715}",0.006593762431293726,0.002451471518725157,0.005128624849021435,0.00991799309849739,0.8623881936073303,0.05573417991399765,0.057785723358392715,0.0,0.0,0.0,0.0,0.0,0.0,0,0,0,0,0,0,0,0,neutral
@MotherGoose-od1qi,528,7,mothergooseodqi,neutral,0.8141747117042542,0,"{'anger': 0.004805658478289843, 'disgust': 0.0012619958724826574, 'fear': 0.0022434121929109097, 'joy': 0.018663693219423294, 'neutral': 0.7719836235046387, 'sadness': 0.03814173862338066, 'surprise': 0.16289982199668884}",0.004805658478289843,0.0012619958724826574,0.0022434121929109097,0.018663693219423294,0.7719836235046387,0.03814173862338066,0.16289982199668884,0.0,0.0,0.0,0.0,0.0,0.0,0,0,0,0,0,0,0,0,neutral
"wealthy and living my best life. Those nowadays right wingers are something else. First they cause collapsed societys like in Iraq and Libya. Then they whine that they can't shoot those refugees on the border. And when those so called right wingers get the power like in Hungary there will be huge corruption and oligarchy. And that is the end of capitalism and beginning of degenerating oligarchy. No real right winger can be fascist because it is basically an end of the free markets and capitalism but many fascists call them selves right wingers.,,NNco4dayC1M",539,2,wealthy living best life nowadays right wingers something else first cause collapsed societys like iraq libya whine cant shoot refugees border called right wingers get power like hungary huge corruption oligarchy end capitalism beginning degenerating oligarchy real right winger fascist basically end free markets capitalism many fascists call selves right wingersnncodaycm,negative,0.6310622692108154,3,"{'anger': 0.6961557269096375, 'disgust': 0.0022695446386933327, 'fear': 0.18234001100063324, 'joy': 0.03282589837908745, 'neutral': 0.014651438221335411, 'sadness': 0.06202685460448265, 'surprise': 0.009730523452162743, 'neutral_linguistic': 2.0, 'neutral_sentence_count': 1}",0.6961557269096375,0.0022695446386933327,0.18234001100063324,0.03282589837908745,0.014651438221335411,0.06202685460448265,0.009730523452162743,0.0,0.0,0.0,0.0,2.0,0.0,0,0,0,0,0,1,0,0,neutral
too. Marketing was supported by government in order to increase the consumption of pig flesh. They claimed Finnish pigs being happy in their hight standard circumstances AKA having 0.9 m2/ 90 kg pig on a concrete floor,547,3,marketing supported government order increase consumption pig flesh claimed finnish pigs happy hight standard circumstances aka pig concrete floor,neutral,0.7438886761665344,2,"{'anger': 0.006241331808269024, 'disgust': 0.0015779775567352772, 'fear': 0.0005373405874706805, 'joy': 0.9203029274940491, 'neutral': 0.04682398587465286, 'sadness': 0.007656613364815712, 'surprise': 0.016859915107488632, 'joy_linguistic': 1.0, 'joy_sentence_count': 1}",0.006241331808269024,0.0015779775567352772,0.0005373405874706805,0.9203029274940491,0.04682398587465286,0.007656613364815712,0.016859915107488632,0.0,0.0,0.0,1.0,0.0,0.0,0,0,0,0,1,0,0,0,joy
who came into conclusion that eggs and cholesterol are dose-dependently associated with premature deaths,549,4,came conclusion eggs cholesterol dosedependently associated premature deaths,negative,0.6686223745346069,5,"{'anger': 0.016918573528528214, 'disgust': 0.010471002198755741, 'fear': 0.045454785227775574, 'joy': 0.014449045993387699, 'neutral': 0.09687488526105881, 'sadness': 0.7602698802947998, 'surprise': 0.05556187778711319}",0.016918573528528214,0.010471002198755741,0.045454785227775574,0.014449045993387699,0.09687488526105881,0.7602698802947998,0.05556187778711319,0.0,0.0,0.0,0.0,0.0,0.0,0,0,0,0,0,0,0,0,sadness
the name of the organization was honest. But they switched it to Milk and Health (Maito ja Terveys ry),551,7,name organization honest switched milk health maito terveys,neutral,0.8885533213615417,2,"{'anger': 0.008214358240365982, 'disgust': 0.0011647570645436645, 'fear': 0.0017968835309147835, 'joy': 0.05810520797967911, 'neutral': 0.7536445260047913, 'sadness': 0.021277131512761116, 'surprise': 0.15579712390899658}",0.008214358240365982,0.0011647570645436645,0.0017968835309147835,0.05810520797967911,0.7536445260047913,0.021277131512761116,0.15579712390899658,0.0,0.0,0.0,0.0,0.0,0.0,0,0,0,0,0,0,0,0,neutral
@cherylcarlson3315,557,7,cherylcarlson,neutral,0.8251096606254578,1,"{'anger': 0.011431089602410793, 'disgust': 0.004112785216420889, 'fear': 0.00493968790397048, 'joy': 0.037653230130672455, 'neutral': 0.8237754106521606, 'sadness': 0.05783569812774658, 'surprise': 0.060252171009778976}",0.011431089602410793,0.004112785216420889,0.00493968790397048,0.037653230130672455,0.8237754106521606,0.05783569812774658,0.060252171009778976,0.0,0.0,0.0,0.0,0.0,0.0,0,0,0,0,0,0,0,0,neutral
@MichelleCarithersAuthor,558,7,michellecarithersauthor,neutral,0.8640947937965393,0,"{'anger': 0.013840187340974808, 'disgust': 0.0042329407297074795, 'fear': 0.007728935219347477, 'joy': 0.09439236670732498, 'neutral': 0.7360454201698303, 'sadness': 0.056775376200675964, 'surprise': 0.08698480576276779}",0.013840187340974808,0.0042329407297074795,0.007728935219347477,0.09439236670732498,0.7360454201698303,0.056775376200675964,0.08698480576276779,0.0,0.0,0.0,0.0,0.0,0.0,0,0,0,0,0,0,0,0,neutral
@MissLiveLaughLove1,566,7,misslivelaughlove,neutral,0.6013592481613159,3,"{'anger': 0.0051758685149252415, 'disgust': 0.0015489609213545918, 'fear': 0.0026302041951566935, 'joy': 0.06348495930433273, 'neutral': 0.782783031463623, 'sadness': 0.0784154087305069, 'surprise': 0.06596161425113678, 'joy_linguistic': 2.0, 'love_linguistic': 1.0, 'joy_sentence_count': 1, 'love_sentence_count': 1}",0.0051758685149252415,0.0015489609213545918,0.0026302041951566935,0.06348495930433273,0.782783031463623,0.0784154087305069,0.06596161425113678,0.0,0.0,0.0,2.0,0.0,0.0,0,0,0,0,1,0,0,0,joy
@youtubecensors5419,570,7,youtubecensors,neutral,0.8100252151489258,3,"{'anger': 0.0041769156232476234, 'disgust': 0.0028496822342276573, 'fear': 0.0020475166384130716, 'joy': 0.012113477103412151, 'neutral': 0.9178250432014465, 'sadness': 0.015632089227437973, 'surprise': 0.04535531625151634}",0.0041769156232476234,0.0028496822342276573,0.0020475166384130716,0.012113477103412151,0.9178250432014465,0.015632089227437973,0.04535531625151634,0.0,0.0,0.0,0.0,0.0,0.0,0,0,0,0,0,0,0,0,neutral
@ShirleyPotts-ud3nb,577,7,shirleypottsudnb,neutral,0.8552329540252686,3,"{'anger': 0.013578255660831928, 'disgust': 0.005467978306114674, 'fear': 0.009729309007525444, 'joy': 0.07746149599552155, 'neutral': 0.6385531425476074, 'sadness': 0.0871376246213913, 'surprise': 0.16807225346565247}",0.013578255660831928,0.005467978306114674,0.009729309007525444,0.07746149599552155,0.6385531425476074,0.0871376246213913,0.16807225346565247,0.0,0.0,0.0,0.0,0.0,0.0,0,0,0,0,0,0,0,0,neutral
@BlockdaCoolguy,579,7,blockdacoolguy,neutral,0.7161245942115784,2,"{'anger': 0.0046032448299229145, 'disgust': 0.0014250854728743434, 'fear': 0.0013337770942598581, 'joy': 0.05417506769299507, 'neutral': 0.7554770112037659, 'sadness': 0.056883905082941055, 'surprise': 0.12610195577144623}",0.0046032448299229145,0.0014250854728743434,0.0013337770942598581,0.05417506769299507,0.7554770112037659,0.056883905082941055,0.12610195577144623,0.0,0.0,0.0,0.0,0.0,0.0,0,0,0,0,0,0,0,0,neutral
@indianbreadboy127,582,7,indianbreadboy,neutral,0.7855263948440552,0,"{'anger': 0.003398224012926221, 'disgust': 0.0014530295738950372, 'fear': 0.001990989549085498, 'joy': 0.07204847782850266, 'neutral': 0.7474817633628845, 'sadness': 0.04104034602642059, 'surprise': 0.13258717954158783}",0.003398224012926221,0.0014530295738950372,0.001990989549085498,0.07204847782850266,0.7474817633628845,0.04104034602642059,0.13258717954158783,0.0,0.0,0.0,0.0,0.0,0.0,0,0,0,0,0,0,0,0,neutral
@DoItToGetPaid,583,7,doittogetpaid,neutral,0.7542915344238281,3,"{'anger': 0.007440508343279362, 'disgust': 0.0020435384940356016, 'fear': 0.0021807223092764616, 'joy': 0.023679951205849648, 'neutral': 0.7859470844268799, 'sadness': 0.06864484399557114, 'surprise': 0.11006344854831696}",0.007440508343279362,0.0020435384940356016,0.0021807223092764616,0.023679951205849648,0.7859470844268799,0.06864484399557114,0.11006344854831696,0.0,0.0,0.0,0.0,0.0,0.0,0,0,0,0,0,0,0,0,neutral
and Finland is quickly winning my heart (i also like Denmark,593,8,finland quickly winning heart also like denmark,positive,0.9740387797355652,5,"{'anger': 0.01684514619410038, 'disgust': 0.002367065753787756, 'fear': 0.020190639421343803, 'joy': 0.18044033646583557, 'neutral': 0.16815520823001862, 'sadness': 0.00851551815867424, 'surprise': 0.6034860610961914, 'neutral_linguistic': 1.0, 'neutral_sentence_count': 1}",0.01684514619410038,0.002367065753787756,0.020190639421343803,0.18044033646583557,0.16815520823001862,0.00851551815867424,0.6034860610961914,0.0,0.0,0.0,0.0,1.0,0.0,0,0,0,0,0,1,0,0,neutral
@that_Dominic_guy,594,5,that_dominic_guy,neutral,0.7397356629371643,6,"{'anger': 0.006073197815567255, 'disgust': 0.0037290386389940977, 'fear': 0.0030422278214246035, 'joy': 0.08307547867298126, 'neutral': 0.6800971627235413, 'sadness': 0.01864207349717617, 'surprise': 0.2053409069776535}",0.006073197815567255,0.0037290386389940977,0.0030422278214246035,0.08307547867298126,0.6800971627235413,0.01864207349717617,0.2053409069776535,0.0,0.0,0.0,0.0,0.0,0.0,0,0,0,0,0,0,0,0,neutral
@smallfaucet,598,7,smallfaucet,neutral,0.7191420793533325,5,"{'anger': 0.01997828111052513, 'disgust': 0.013468865305185318, 'fear': 0.003332693362608552, 'joy': 0.019894743338227272, 'neutral': 0.6740705966949463, 'sadness': 0.12341000884771347, 'surprise': 0.14584481716156006}",0.01997828111052513,0.013468865305185318,0.003332693362608552,0.019894743338227272,0.6740705966949463,0.12341000884771347,0.14584481716156006,0.0,0.0,0.0,0.0,0.0,0.0,0,0,0,0,0,0,0,0,neutral
or alternative facts are much more emotionally triggering and easier to embrace than the complicated,605,4,alternative facts much emotionally triggering easier embrace complicated,negative,0.665544331073761,6,"{'anger': 0.03659037873148918, 'disgust': 0.004893064498901367, 'fear': 0.015465334057807922, 'joy': 0.15658505260944366, 'neutral': 0.7157845497131348, 'sadness': 0.0037254199851304293, 'surprise': 0.06695617735385895}",0.03659037873148918,0.004893064498901367,0.015465334057807922,0.15658505260944366,0.7157845497131348,0.0037254199851304293,0.06695617735385895,0.0,0.0,0.0,0.0,0.0,0.0,0,0,0,0,0,0,0,0,neutral
@trivia.and.history,608,7,triviaandhistory,neutral,0.8541050553321838,5,"{'anger': 0.013852554373443127, 'disgust': 0.0021626625675708055, 'fear': 0.009737802669405937, 'joy': 0.02899165265262127, 'neutral': 0.8304948806762695, 'sadness': 0.02942173182964325, 'surprise': 0.0853387787938118}",0.013852554373443127,0.0021626625675708055,0.009737802669405937,0.02899165265262127,0.8304948806762695,0.02942173182964325,0.0853387787938118,0.0,0.0,0.0,0.0,0.0,0.0,0,0,0,0,0,0,0,0,neutral
the ongoing propaganda going in U.S at the moment is Make America great again,612,4,ongoing propaganda going moment make america great,neutral,0.4563766419887543,6,"{'anger': 0.031071530655026436, 'disgust': 0.003106280229985714, 'fear': 0.025072209537029266, 'joy': 0.5405718684196472, 'neutral': 0.340420663356781, 'sadness': 0.005468818824738264, 'surprise': 0.054288625717163086, 'joy_linguistic': 1.0, 'joy_sentence_count': 1}",0.031071530655026436,0.003106280229985714,0.025072209537029266,0.5405718684196472,0.340420663356781,0.005468818824738264,0.054288625717163086,0.0,0.0,0.0,1.0,0.0,0.0,0,0,0,0,1,0,0,0,joy
@michaelhemsley1470,630,7,michaelhemsley,neutral,0.8601493835449219,1,"{'anger': 0.0060547348111867905, 'disgust': 0.001989330630749464, 'fear': 0.003017210168763995, 'joy': 0.048343226313591, 'neutral': 0.8203974962234497, 'sadness': 0.05371853709220886, 'surprise': 0.06647948175668716}",0.0060547348111867905,0.001989330630749464,0.003017210168763995,0.048343226313591,0.8203974962234497,0.05371853709220886,0.06647948175668716,0.0,0.0,0.0,0.0,0.0,0.0,0,0,0,0,0,0,0,0,neutral
@HenritheHorse,637,7,henrithehorse,neutral,0.781503438949585,5,"{'anger': 0.005354172550141811, 'disgust': 0.0023791727144271135, 'fear': 0.0033995402045547962, 'joy': 0.0253303125500679, 'neutral': 0.8579034209251404, 'sadness': 0.02585206739604473, 'surprise': 0.07978139817714691}",0.005354172550141811,0.0023791727144271135,0.0033995402045547962,0.0253303125500679,0.8579034209251404,0.02585206739604473,0.07978139817714691,0.0,0.0,0.0,0.0,0.0,0.0,0,0,0,0,0,0,0,0,neutral
@SonOfMorning,638,7,sonofmorning,neutral,0.6560230851173401,7,"{'anger': 0.0036968751810491085, 'disgust': 0.0011423113755881786, 'fear': 0.005559935700148344, 'joy': 0.02095303311944008, 'neutral': 0.7359279990196228, 'sadness': 0.11111069470643997, 'surprise': 0.121609166264534}",0.0036968751810491085,0.0011423113755881786,0.005559935700148344,0.02095303311944008,0.7359279990196228,0.11111069470643997,0.121609166264534,0.0,0.0,0.0,0.0,0.0,0.0,0,0,0,0,0,0,0,0,neutral
@HenritheHorse,639,7,henrithehorse,neutral,0.781503438949585,1,"{'anger': 0.005354172550141811, 'disgust': 0.0023791727144271135, 'fear': 0.0033995402045547962, 'joy': 0.0253303125500679, 'neutral': 0.8579034209251404, 'sadness': 0.02585206739604473, 'surprise': 0.07978139817714691}",0.005354172550141811,0.0023791727144271135,0.0033995402045547962,0.0253303125500679,0.8579034209251404,0.02585206739604473,0.07978139817714691,0.0,0.0,0.0,0.0,0.0,0.0,0,0,0,0,0,0,0,0,neutral
explain to me how it works again,642,3,explain works,neutral,0.8053760528564453,1,"{'anger': 0.006422602105885744, 'disgust': 0.002978301141411066, 'fear': 0.002163651632145047, 'joy': 0.008016218431293964, 'neutral': 0.8954268097877502, 'sadness': 0.011737716384232044, 'surprise': 0.07325471192598343}",0.006422602105885744,0.002978301141411066,0.002163651632145047,0.008016218431293964,0.8954268097877502,0.011737716384232044,0.07325471192598343,0.0,0.0,0.0,0.0,0.0,0.0,0,0,0,0,0,0,0,0,neutral
the side that hates academia with a passion.... That is the actual reason why you can't do it.,644,2,side hates academia passion actual reason cant,negative,0.917013943195343,3,"{'anger': 0.8672038912773132, 'disgust': 0.016082506626844406, 'fear': 0.0010208062594756484, 'joy': 0.001807832857593894, 'neutral': 0.019876757636666298, 'sadness': 0.08898130059242249, 'surprise': 0.005026957020163536, 'love_linguistic': 1.0, 'neutral_linguistic': 1.0, 'love_sentence_count': 1, 'neutral_sentence_count': 1}",0.8672038912773132,0.016082506626844406,0.0010208062594756484,0.001807832857593894,0.019876757636666298,0.08898130059242249,0.005026957020163536,0.0,0.0,0.0,0.0,1.0,0.0,0,0,0,0,0,1,0,0,anger
@michaelhemsley1470,649,7,michaelhemsley,neutral,0.8601493835449219,7,"{'anger': 0.0060547348111867905, 'disgust': 0.001989330630749464, 'fear': 0.003017210168763995, 'joy': 0.048343226313591, 'neutral': 0.8203974962234497, 'sadness': 0.05371853709220886, 'surprise': 0.06647948175668716}",0.0060547348111867905,0.001989330630749464,0.003017210168763995,0.048343226313591,0.8203974962234497,0.05371853709220886,0.06647948175668716,0.0,0.0,0.0,0.0,0.0,0.0,0,0,0,0,0,0,0,0,neutral
@michaelhemsley1470,650,7,michaelhemsley,neutral,0.8601493835449219,-1,"{'anger': 0.0060547348111867905, 'disgust': 0.001989330630749464, 'fear': 0.003017210168763995, 'joy': 0.048343226313591, 'neutral': 0.8203974962234497, 'sadness': 0.05371853709220886, 'surprise': 0.06647948175668716}",0.0060547348111867905,0.001989330630749464,0.003017210168763995,0.048343226313591,0.8203974962234497,0.05371853709220886,0.06647948175668716,0.0,0.0,0.0,0.0,0.0,0.0,0,0,0,0,0,0,0,0,neutral
@michaelhemsley1470,651,7,michaelhemsley,neutral,0.8601493835449219,-1,"{'anger': 0.0060547348111867905, 'disgust': 0.001989330630749464, 'fear': 0.003017210168763995, 'joy': 0.048343226313591, 'neutral': 0.8203974962234497, 'sadness': 0.05371853709220886, 'surprise': 0.06647948175668716}",0.0060547348111867905,0.001989330630749464,0.003017210168763995,0.048343226313591,0.8203974962234497,0.05371853709220886,0.06647948175668716,0.0,0.0,0.0,0.0,0.0,0.0,0,0,0,0,0,0,0,0,neutral
@flyingbiscuitsigns,658,7,flyingbiscuitsigns,neutral,0.8159483075141907,-1,"{'anger': 0.005695503205060959, 'disgust': 0.0015051845693960786, 'fear': 0.0020900049712508917, 'joy': 0.02906590886414051, 'neutral': 0.8621530532836914, 'sadness': 0.027271682396531105, 'surprise': 0.07221867889165878}",0.005695503205060959,0.0015051845693960786,0.0020900049712508917,0.02906590886414051,0.8621530532836914,0.027271682396531105,0.07221867889165878,0.0,0.0,0.0,0.0,0.0,0.0,0,0,0,0,0,0,0,0,neutral
but I also agree with her on number of issues. I know many who are on far left politically here and they tend to bee too idealistic to the point of willingness to sacrifice themselves and others for their ideals. Like I rather like having different sorts of precautions like that bomb shelter that's behind my kitchen wall (Yes,663,4,also agree number issues know many far left politically tend bee idealistic point willingness sacrifice others ideals like rather like different sorts precautions like bomb shelter thats behind kitchen wall yes,neutral,0.6559159159660339,-1,"{'anger': 0.037573810666799545, 'disgust': 0.0017685390776023269, 'fear': 0.08918415009975433, 'joy': 0.25745224952697754, 'neutral': 0.5565366744995117, 'sadness': 0.03564039617776871, 'surprise': 0.02184412069618702, 'neutral_linguistic': 1.0, 'neutral_sentence_count': 1}",0.037573810666799545,0.0017685390776023269,0.08918415009975433,0.25745224952697754,0.5565366744995117,0.03564039617776871,0.02184412069618702,0.0,0.0,0.0,0.0,1.0,0.0,0,0,0,0,0,1,0,0,neutral
I very much so am not,665,4,much,negative,0.5346062183380127,-1,,0.0,0.0,0.0,0.0,0.0,0.0,0.0,0.0,0.0,0.0,0.0,0.0,0.0,0,0,0,0,0,0,0,0,anger
@michaelhemsley1470,673,7,michaelhemsley,neutral,0.8601493835449219,-1,"{'anger': 0.0060547348111867905, 'disgust': 0.001989330630749464, 'fear': 0.003017210168763995, 'joy': 0.048343226313591, 'neutral': 0.8203974962234497, 'sadness': 0.05371853709220886, 'surprise': 0.06647948175668716}",0.0060547348111867905,0.001989330630749464,0.003017210168763995,0.048343226313591,0.8203974962234497,0.05371853709220886,0.06647948175668716,0.0,0.0,0.0,0.0,0.0,0.0,0,0,0,0,0,0,0,0,neutral
@JackSkellington-h2w,678,7,jackskellingtonhw,neutral,0.8688031435012817,-1,"{'anger': 0.006457929965108633, 'disgust': 0.0022200564853847027, 'fear': 0.0031476905569434166, 'joy': 0.0855121985077858, 'neutral': 0.6745001673698425, 'sadness': 0.08525742590427399, 'surprise': 0.14290444552898407}",0.006457929965108633,0.0022200564853847027,0.0031476905569434166,0.0855121985077858,0.6745001673698425,0.08525742590427399,0.14290444552898407,0.0,0.0,0.0,0.0,0.0,0.0,0,0,0,0,0,0,0,0,neutral
@MotherGoose-od1qi,679,7,mothergooseodqi,neutral,0.8141747117042542,-1,"{'anger': 0.004805658478289843, 'disgust': 0.0012619958724826574, 'fear': 0.0022434121929109097, 'joy': 0.018663693219423294, 'neutral': 0.7719836235046387, 'sadness': 0.03814173862338066, 'surprise': 0.16289982199668884}",0.004805658478289843,0.0012619958724826574,0.0022434121929109097,0.018663693219423294,0.7719836235046387,0.03814173862338066,0.16289982199668884,0.0,0.0,0.0,0.0,0.0,0.0,0,0,0,0,0,0,0,0,neutral
@JackSkellington-h2w,680,7,jackskellingtonhw,neutral,0.8688031435012817,-1,"{'anger': 0.006457929965108633, 'disgust': 0.0022200564853847027, 'fear': 0.0031476905569434166, 'joy': 0.0855121985077858, 'neutral': 0.6745001673698425, 'sadness': 0.08525742590427399, 'surprise': 0.14290444552898407}",0.006457929965108633,0.0022200564853847027,0.0031476905569434166,0.0855121985077858,0.6745001673698425,0.08525742590427399,0.14290444552898407,0.0,0.0,0.0,0.0,0.0,0.0,0,0,0,0,0,0,0,0,neutral
@MotherGoose-od1qi,681,7,mothergooseodqi,neutral,0.8141747117042542,-1,"{'anger': 0.004805658478289843, 'disgust': 0.0012619958724826574, 'fear': 0.0022434121929109097, 'joy': 0.018663693219423294, 'neutral': 0.7719836235046387, 'sadness': 0.03814173862338066, 'surprise': 0.16289982199668884}",0.004805658478289843,0.0012619958724826574,0.0022434121929109097,0.018663693219423294,0.7719836235046387,0.03814173862338066,0.16289982199668884,0.0,0.0,0.0,0.0,0.0,0.0,0,0,0,0,0,0,0,0,neutral
@JackSkellington-h2w,682,7,jackskellingtonhw,neutral,0.8688031435012817,-1,"{'anger': 0.006457929965108633, 'disgust': 0.0022200564853847027, 'fear': 0.0031476905569434166, 'joy': 0.0855121985077858, 'neutral': 0.6745001673698425, 'sadness': 0.08525742590427399, 'surprise': 0.14290444552898407}",0.006457929965108633,0.0022200564853847027,0.0031476905569434166,0.0855121985077858,0.6745001673698425,0.08525742590427399,0.14290444552898407,0.0,0.0,0.0,0.0,0.0,0.0,0,0,0,0,0,0,0,0,neutral
@MotherGoose-od1qi,683,7,mothergooseodqi,neutral,0.8141747117042542,-1,"{'anger': 0.004805658478289843, 'disgust': 0.0012619958724826574, 'fear': 0.0022434121929109097, 'joy': 0.018663693219423294, 'neutral': 0.7719836235046387, 'sadness': 0.03814173862338066, 'surprise': 0.16289982199668884}",0.004805658478289843,0.0012619958724826574,0.0022434121929109097,0.018663693219423294,0.7719836235046387,0.03814173862338066,0.16289982199668884,0.0,0.0,0.0,0.0,0.0,0.0,0,0,0,0,0,0,0,0,neutral
@gathrightcrystal,684,7,gathrightcrystal,neutral,0.8103823661804199,-1,"{'anger': 0.007200985681265593, 'disgust': 0.002280022483319044, 'fear': 0.003075350308790803, 'joy': 0.05642479658126831, 'neutral': 0.8115314245223999, 'sadness': 0.04575793445110321, 'surprise': 0.07372945547103882, 'sadness_linguistic': 1.0, 'sadness_sentence_count': 1}",0.007200985681265593,0.002280022483319044,0.003075350308790803,0.05642479658126831,0.8115314245223999,0.04575793445110321,0.07372945547103882,0.0,0.0,0.0,0.0,0.0,1.0,0,0,0,0,0,0,1,0,neutral
@qwertyTRiG,685,7,qwertytrig,neutral,0.7224977612495422,-1,"{'anger': 0.009701857343316078, 'disgust': 0.006680528167635202, 'fear': 0.004994411952793598, 'joy': 0.01932491362094879, 'neutral': 0.821008563041687, 'sadness': 0.021201854571700096, 'surprise': 0.11708791553974152}",0.009701857343316078,0.006680528167635202,0.004994411952793598,0.01932491362094879,0.821008563041687,0.021201854571700096,0.11708791553974152,0.0,0.0,0.0,0.0,0.0,0.0,0,0,0,0,0,0,0,0,neutral
@rosehughes1752,689,7,rosehughes,neutral,0.7973430752754211,-1,"{'anger': 0.0073913452215492725, 'disgust': 0.005854165647178888, 'fear': 0.0015504569746553898, 'joy': 0.0264205913990736, 'neutral': 0.9072792530059814, 'sadness': 0.015596100129187107, 'surprise': 0.03590803220868111}",0.0073913452215492725,0.005854165647178888,0.0015504569746553898,0.0264205913990736,0.9072792530059814,0.015596100129187107,0.03590803220868111,0.0,0.0,0.0,0.0,0.0,0.0,0,0,0,0,0,0,0,0,neutral
@LarryKelly,691,7,larrykelly,neutral,0.8476971387863159,-1,"{'anger': 0.005924868397414684, 'disgust': 0.0029616544488817453, 'fear': 0.0033505528699606657, 'joy': 0.032051779329776764, 'neutral': 0.8425880670547485, 'sadness': 0.05920661985874176, 'surprise': 0.053916554898023605}",0.005924868397414684,0.0029616544488817453,0.0033505528699606657,0.032051779329776764,0.8425880670547485,0.05920661985874176,0.053916554898023605,0.0,0.0,0.0,0.0,0.0,0.0,0,0,0,0,0,0,0,0,neutral
@TheAxeaman,694,7,theaxeaman,neutral,0.7308893203735352,-1,"{'anger': 0.013434775173664093, 'disgust': 0.0009439787827432156, 'fear': 0.01296735554933548, 'joy': 0.09486407786607742, 'neutral': 0.7237116098403931, 'sadness': 0.05202968418598175, 'surprise': 0.10204844921827316}",0.013434775173664093,0.0009439787827432156,0.01296735554933548,0.09486407786607742,0.7237116098403931,0.05202968418598175,0.10204844921827316,0.0,0.0,0.0,0.0,0.0,0.0,0,0,0,0,0,0,0,0,neutral
@TheAxeaman,696,7,theaxeaman,neutral,0.7308893203735352,-1,"{'anger': 0.013434775173664093, 'disgust': 0.0009439787827432156, 'fear': 0.01296735554933548, 'joy': 0.09486407786607742, 'neutral': 0.7237116098403931, 'sadness': 0.05202968418598175, 'surprise': 0.10204844921827316}",0.013434775173664093,0.0009439787827432156,0.01296735554933548,0.09486407786607742,0.7237116098403931,0.05202968418598175,0.10204844921827316,0.0,0.0,0.0,0.0,0.0,0.0,0,0,0,0,0,0,0,0,neutral
@TheAxeaman,698,7,theaxeaman,neutral,0.7308893203735352,-1,"{'anger': 0.013434775173664093, 'disgust': 0.0009439787827432156, 'fear': 0.01296735554933548, 'joy': 0.09486407786607742, 'neutral': 0.7237116098403931, 'sadness': 0.05202968418598175, 'surprise': 0.10204844921827316}",0.013434775173664093,0.0009439787827432156,0.01296735554933548,0.09486407786607742,0.7237116098403931,0.05202968418598175,0.10204844921827316,0.0,0.0,0.0,0.0,0.0,0.0,0,0,0,0,0,0,0,0,neutral
@TheAxeaman,700,7,theaxeaman,neutral,0.7308893203735352,-1,"{'anger': 0.013434775173664093, 'disgust': 0.0009439787827432156, 'fear': 0.01296735554933548, 'joy': 0.09486407786607742, 'neutral': 0.7237116098403931, 'sadness': 0.05202968418598175, 'surprise': 0.10204844921827316}",0.013434775173664093,0.0009439787827432156,0.01296735554933548,0.09486407786607742,0.7237116098403931,0.05202968418598175,0.10204844921827316,0.0,0.0,0.0,0.0,0.0,0.0,0,0,0,0,0,0,0,0,neutral
@rickbethwhite3479,705,5,rickbethwhite,neutral,0.7737576365470886,-1,"{'anger': 0.006563539616763592, 'disgust': 0.0017016440397128463, 'fear': 0.002842897782102227, 'joy': 0.03409207984805107, 'neutral': 0.8278257250785828, 'sadness': 0.04568375274538994, 'surprise': 0.08129039406776428}",0.006563539616763592,0.0017016440397128463,0.002842897782102227,0.03409207984805107,0.8278257250785828,0.04568375274538994,0.08129039406776428,0.0,0.0,0.0,0.0,0.0,0.0,0,0,0,0,0,0,0,0,neutral
@JohnAranita,709,7,johnaranita,neutral,0.8201006650924683,-1,"{'anger': 0.00658702477812767, 'disgust': 0.003600080730393529, 'fear': 0.0045501235872507095, 'joy': 0.02421761117875576, 'neutral': 0.8513402342796326, 'sadness': 0.035501785576343536, 'surprise': 0.07420313358306885}",0.00658702477812767,0.003600080730393529,0.0045501235872507095,0.02421761117875576,0.8513402342796326,0.035501785576343536,0.07420313358306885,0.0,0.0,0.0,0.0,0.0,0.0,0,0,0,0,0,0,0,0,neutral
@ianmutch555,712,7,ianmutch,neutral,0.8193931579589844,-1,,0.0,0.0,0.0,0.0,0.0,0.0,0.0,0.0,0.0,0.0,0.0,0.0,0.0,0,0,0,0,0,0,0,0,anger
@FleetingEXP3474,715,7,fleetingexp,neutral,0.7451385855674744,-1,"{'anger': 0.05560363084077835, 'disgust': 0.006127682980149984, 'fear': 0.018759895116090775, 'joy': 0.06497529149055481, 'neutral': 0.7181034088134766, 'sadness': 0.018947219476103783, 'surprise': 0.11748285591602325}",0.05560363084077835,0.006127682980149984,0.018759895116090775,0.06497529149055481,0.7181034088134766,0.018947219476103783,0.11748285591602325,0.0,0.0,0.0,0.0,0.0,0.0,0,0,0,0,0,0,0,0,neutral
@Seekthetruth3000,717,7,seekthetruth,neutral,0.8269956707954407,-1,"{'anger': 0.335414320230484, 'disgust': 0.001905282842926681, 'fear': 0.1837012767791748, 'joy': 0.054766133427619934, 'neutral': 0.3569014072418213, 'sadness': 0.04462558031082153, 'surprise': 0.022685930132865906}",0.335414320230484,0.001905282842926681,0.1837012767791748,0.054766133427619934,0.3569014072418213,0.04462558031082153,0.022685930132865906,0.0,0.0,0.0,0.0,0.0,0.0,0,0,0,0,0,0,0,0,neutral
@shirleywilliams2843,727,7,shirleywilliams,neutral,0.8367084264755249,-1,"{'anger': 0.00835366826504469, 'disgust': 0.004124066326767206, 'fear': 0.006158501375466585, 'joy': 0.06997628509998322, 'neutral': 0.7295544147491455, 'sadness': 0.07890421897172928, 'surprise': 0.10292889177799225}",0.00835366826504469,0.004124066326767206,0.006158501375466585,0.06997628509998322,0.7295544147491455,0.07890421897172928,0.10292889177799225,0.0,0.0,0.0,0.0,0.0,0.0,0,0,0,0,0,0,0,0,neutral
@TimmyTheTinman,728,7,timmythetinman,neutral,0.8077449798583984,-1,"{'anger': 0.0054107229225337505, 'disgust': 0.002339981496334076, 'fear': 0.002554250881075859, 'joy': 0.048846591264009476, 'neutral': 0.8127827644348145, 'sadness': 0.04959460720419884, 'surprise': 0.07847119122743607}",0.0054107229225337505,0.002339981496334076,0.002554250881075859,0.048846591264009476,0.8127827644348145,0.04959460720419884,0.07847119122743607,0.0,0.0,0.0,0.0,0.0,0.0,0,0,0,0,0,0,0,0,neutral
